data,coduf,regiao,continente,casosNovos,casosAcumulado,obitosNovos,obitosAcumulado
2020-01-03,NZ,New Zealand,WPRO,0,0,0,0
2020-01-04,NZ,New Zealand,WPRO,0,0,0,0
2020-01-05,NZ,New Zealand,WPRO,0,0,0,0
2020-01-06,NZ,New Zealand,WPRO,0,0,0,0
2020-01-07,NZ,New Zealand,WPRO,0,0,0,0
2020-01-08,NZ,New Zealand,WPRO,0,0,0,0
2020-01-09,NZ,New Zealand,WPRO,0,0,0,0
2020-01-10,NZ,New Zealand,WPRO,0,0,0,0
2020-01-11,NZ,New Zealand,WPRO,0,0,0,0
2020-01-12,NZ,New Zealand,WPRO,0,0,0,0
2020-01-13,NZ,New Zealand,WPRO,0,0,0,0
2020-01-14,NZ,New Zealand,WPRO,0,0,0,0
2020-01-15,NZ,New Zealand,WPRO,0,0,0,0
2020-01-16,NZ,New Zealand,WPRO,0,0,0,0
2020-01-17,NZ,New Zealand,WPRO,0,0,0,0
2020-01-18,NZ,New Zealand,WPRO,0,0,0,0
2020-01-19,NZ,New Zealand,WPRO,0,0,0,0
2020-01-20,NZ,New Zealand,WPRO,0,0,0,0
2020-01-21,NZ,New Zealand,WPRO,0,0,0,0
2020-01-22,NZ,New Zealand,WPRO,0,0,0,0
2020-01-23,NZ,New Zealand,WPRO,0,0,0,0
2020-01-24,NZ,New Zealand,WPRO,0,0,0,0
2020-01-25,NZ,New Zealand,WPRO,0,0,0,0
2020-01-26,NZ,New Zealand,WPRO,0,0,0,0
2020-01-27,NZ,New Zealand,WPRO,0,0,0,0
2020-01-28,NZ,New Zealand,WPRO,0,0,0,0
2020-01-29,NZ,New Zealand,WPRO,0,0,0,0
2020-01-30,NZ,New Zealand,WPRO,0,0,0,0
2020-01-31,NZ,New Zealand,WPRO,0,0,0,0
2020-02-01,NZ,New Zealand,WPRO,0,0,0,0
2020-02-02,NZ,New Zealand,WPRO,0,0,0,0
2020-02-03,NZ,New Zealand,WPRO,0,0,0,0
2020-02-04,NZ,New Zealand,WPRO,0,0,0,0
2020-02-05,NZ,New Zealand,WPRO,0,0,0,0
2020-02-06,NZ,New Zealand,WPRO,0,0,0,0
2020-02-07,NZ,New Zealand,WPRO,0,0,0,0
2020-02-08,NZ,New Zealand,WPRO,0,0,0,0
2020-02-09,NZ,New Zealand,WPRO,0,0,0,0
2020-02-10,NZ,New Zealand,WPRO,0,0,0,0
2020-02-11,NZ,New Zealand,WPRO,0,0,0,0
2020-02-12,NZ,New Zealand,WPRO,0,0,0,0
2020-02-13,NZ,New Zealand,WPRO,0,0,0,0
2020-02-14,NZ,New Zealand,WPRO,0,0,0,0
2020-02-15,NZ,New Zealand,WPRO,0,0,0,0
2020-02-16,NZ,New Zealand,WPRO,0,0,0,0
2020-02-17,NZ,New Zealand,WPRO,0,0,0,0
2020-02-18,NZ,New Zealand,WPRO,0,0,0,0
2020-02-19,NZ,New Zealand,WPRO,0,0,0,0
2020-02-20,NZ,New Zealand,WPRO,0,0,0,0
2020-02-21,NZ,New Zealand,WPRO,0,0,0,0
2020-02-22,NZ,New Zealand,WPRO,0,0,0,0
2020-02-23,NZ,New Zealand,WPRO,0,0,0,0
2020-02-24,NZ,New Zealand,WPRO,0,0,0,0
2020-02-25,NZ,New Zealand,WPRO,0,0,0,0
2020-02-26,NZ,New Zealand,WPRO,0,0,0,0
2020-02-27,NZ,New Zealand,WPRO,0,0,0,0
2020-02-28,NZ,New Zealand,WPRO,1,1,0,0
2020-02-29,NZ,New Zealand,WPRO,0,1,0,0
2020-03-01,NZ,New Zealand,WPRO,0,1,0,0
2020-03-02,NZ,New Zealand,WPRO,0,1,0,0
2020-03-03,NZ,New Zealand,WPRO,0,1,0,0
2020-03-04,NZ,New Zealand,WPRO,1,2,0,0
2020-03-05,NZ,New Zealand,WPRO,1,3,0,0
2020-03-06,NZ,New Zealand,WPRO,1,4,0,0
2020-03-07,NZ,New Zealand,WPRO,1,5,0,0
2020-03-08,NZ,New Zealand,WPRO,0,5,0,0
2020-03-09,NZ,New Zealand,WPRO,0,5,0,0
2020-03-10,NZ,New Zealand,WPRO,0,5,0,0
2020-03-11,NZ,New Zealand,WPRO,0,5,0,0
2020-03-12,NZ,New Zealand,WPRO,0,5,0,0
2020-03-13,NZ,New Zealand,WPRO,0,5,0,0
2020-03-14,NZ,New Zealand,WPRO,1,6,0,0
2020-03-15,NZ,New Zealand,WPRO,2,8,0,0
2020-03-16,NZ,New Zealand,WPRO,0,8,0,0
2020-03-17,NZ,New Zealand,WPRO,4,12,0,0
2020-03-18,NZ,New Zealand,WPRO,8,20,0,0
2020-03-19,NZ,New Zealand,WPRO,8,28,0,0
2020-03-20,NZ,New Zealand,WPRO,11,39,0,0
2020-03-21,NZ,New Zealand,WPRO,13,52,0,0
2020-03-22,NZ,New Zealand,WPRO,14,66,0,0
2020-03-23,NZ,New Zealand,WPRO,36,102,0,0
2020-03-24,NZ,New Zealand,WPRO,40,142,0,0
2020-03-25,NZ,New Zealand,WPRO,47,189,0,0
2020-03-26,NZ,New Zealand,WPRO,73,262,0,0
2020-03-27,NZ,New Zealand,WPRO,76,338,0,0
2020-03-28,NZ,New Zealand,WPRO,78,416,0,0
2020-03-29,NZ,New Zealand,WPRO,60,476,1,1
2020-03-30,NZ,New Zealand,WPRO,76,552,0,1
2020-03-31,NZ,New Zealand,WPRO,48,600,0,1
2020-04-01,NZ,New Zealand,WPRO,47,647,0,1
2020-04-02,NZ,New Zealand,WPRO,76,723,0,1
2020-04-03,NZ,New Zealand,WPRO,51,774,0,1
2020-04-04,NZ,New Zealand,WPRO,50,824,0,1
2020-04-05,NZ,New Zealand,WPRO,48,872,0,1
2020-04-06,NZ,New Zealand,WPRO,39,911,0,1
2020-04-07,NZ,New Zealand,WPRO,32,943,0,1
2020-04-08,NZ,New Zealand,WPRO,26,969,0,1
2020-04-09,NZ,New Zealand,WPRO,23,992,0,1
2020-04-10,NZ,New Zealand,WPRO,23,1015,1,2
2020-04-11,NZ,New Zealand,WPRO,20,1035,2,4
2020-04-12,NZ,New Zealand,WPRO,14,1049,0,4
2020-04-13,NZ,New Zealand,WPRO,15,1064,1,5
2020-04-14,NZ,New Zealand,WPRO,8,1072,4,9
2020-04-15,NZ,New Zealand,WPRO,6,1078,0,9
2020-04-16,NZ,New Zealand,WPRO,6,1084,0,9
2020-04-17,NZ,New Zealand,WPRO,2,1086,2,11
2020-04-18,NZ,New Zealand,WPRO,8,1094,0,11
2020-04-19,NZ,New Zealand,WPRO,4,1098,0,11
2020-04-20,NZ,New Zealand,WPRO,7,1105,1,12
2020-04-21,NZ,New Zealand,WPRO,2,1107,1,13
2020-04-22,NZ,New Zealand,WPRO,3,1110,1,14
2020-04-23,NZ,New Zealand,WPRO,2,1112,2,16
2020-04-24,NZ,New Zealand,WPRO,2,1114,1,17
2020-04-25,NZ,New Zealand,WPRO,3,1117,1,18
2020-04-26,NZ,New Zealand,WPRO,4,1121,0,18
2020-04-27,NZ,New Zealand,WPRO,1,1122,1,19
2020-04-28,NZ,New Zealand,WPRO,2,1124,0,19
2020-04-29,NZ,New Zealand,WPRO,2,1126,0,19
2020-04-30,NZ,New Zealand,WPRO,3,1129,0,19
2020-05-01,NZ,New Zealand,WPRO,3,1132,0,19
2020-05-02,NZ,New Zealand,WPRO,2,1134,1,20
2020-05-03,NZ,New Zealand,WPRO,2,1136,0,20
2020-05-04,NZ,New Zealand,WPRO,1,1137,0,20
2020-05-05,NZ,New Zealand,WPRO,0,1137,0,20
2020-05-06,NZ,New Zealand,WPRO,1,1138,1,21
2020-05-07,NZ,New Zealand,WPRO,1,1139,0,21
2020-05-08,NZ,New Zealand,WPRO,2,1141,0,21
2020-05-09,NZ,New Zealand,WPRO,1,1142,0,21
2020-05-10,NZ,New Zealand,WPRO,2,1144,0,21
2020-05-11,NZ,New Zealand,WPRO,3,1147,0,21
2020-05-12,NZ,New Zealand,WPRO,0,1147,0,21
2020-05-13,NZ,New Zealand,WPRO,0,1147,0,21
2020-05-14,NZ,New Zealand,WPRO,0,1147,0,21
2020-05-15,NZ,New Zealand,WPRO,1,1148,0,21
2020-05-16,NZ,New Zealand,WPRO,0,1148,0,21
2020-05-17,NZ,New Zealand,WPRO,1,1149,0,21
2020-05-18,NZ,New Zealand,WPRO,0,1149,0,21
2020-05-19,NZ,New Zealand,WPRO,4,1153,0,21
2020-05-20,NZ,New Zealand,WPRO,0,1153,0,21
2020-05-21,NZ,New Zealand,WPRO,0,1153,0,21
2020-05-22,NZ,New Zealand,WPRO,1,1154,0,21
2020-05-23,NZ,New Zealand,WPRO,0,1154,0,21
2020-05-24,NZ,New Zealand,WPRO,0,1154,0,21
2020-05-25,NZ,New Zealand,WPRO,0,1154,0,21
2020-05-26,NZ,New Zealand,WPRO,0,1154,0,21
2020-05-27,NZ,New Zealand,WPRO,0,1154,0,21
2020-05-28,NZ,New Zealand,WPRO,0,1154,1,22
2020-05-29,NZ,New Zealand,WPRO,0,1154,0,22
2020-05-30,NZ,New Zealand,WPRO,0,1154,0,22
2020-05-31,NZ,New Zealand,WPRO,0,1154,0,22
2020-06-01,NZ,New Zealand,WPRO,0,1154,0,22
2020-06-02,NZ,New Zealand,WPRO,0,1154,0,22
2020-06-03,NZ,New Zealand,WPRO,0,1154,0,22
2020-06-04,NZ,New Zealand,WPRO,0,1154,0,22
2020-06-05,NZ,New Zealand,WPRO,0,1154,0,22
2020-06-06,NZ,New Zealand,WPRO,0,1154,0,22
2020-06-07,NZ,New Zealand,WPRO,0,1154,0,22
2020-06-08,NZ,New Zealand,WPRO,0,1154,0,22
2020-06-09,NZ,New Zealand,WPRO,0,1154,0,22
2020-06-10,NZ,New Zealand,WPRO,0,1154,0,22
2020-06-11,NZ,New Zealand,WPRO,0,1154,0,22
2020-06-12,NZ,New Zealand,WPRO,0,1154,0,22
2020-06-13,NZ,New Zealand,WPRO,0,1154,0,22
2020-06-14,NZ,New Zealand,WPRO,0,1154,0,22
2020-06-15,NZ,New Zealand,WPRO,0,1154,0,22
2020-06-16,NZ,New Zealand,WPRO,2,1156,0,22
2020-06-17,NZ,New Zealand,WPRO,0,1156,0,22
2020-06-18,NZ,New Zealand,WPRO,1,1157,0,22
2020-06-19,NZ,New Zealand,WPRO,0,1157,0,22
2020-06-20,NZ,New Zealand,WPRO,2,1159,0,22
2020-06-21,NZ,New Zealand,WPRO,0,1159,0,22
2020-06-22,NZ,New Zealand,WPRO,4,1163,0,22
2020-06-23,NZ,New Zealand,WPRO,2,1165,0,22
2020-06-24,NZ,New Zealand,WPRO,1,1166,0,22
2020-06-25,NZ,New Zealand,WPRO,3,1169,0,22
2020-06-26,NZ,New Zealand,WPRO,1,1170,0,22
2020-06-27,NZ,New Zealand,WPRO,2,1172,0,22
2020-06-28,NZ,New Zealand,WPRO,4,1176,0,22
2020-06-29,NZ,New Zealand,WPRO,2,1178,0,22
2020-06-30,NZ,New Zealand,WPRO,0,1178,0,22
2020-07-01,NZ,New Zealand,WPRO,0,1178,0,22
2020-07-02,NZ,New Zealand,WPRO,2,1180,0,22
2020-07-03,NZ,New Zealand,WPRO,0,1180,0,22
2020-07-04,NZ,New Zealand,WPRO,0,1180,0,22
2020-07-05,NZ,New Zealand,WPRO,3,1183,0,22
2020-07-06,NZ,New Zealand,WPRO,1,1184,0,22
2020-07-07,NZ,New Zealand,WPRO,2,1186,0,22
2020-07-08,NZ,New Zealand,WPRO,1,1187,0,22
2020-07-09,NZ,New Zealand,WPRO,3,1190,0,22
2020-07-10,NZ,New Zealand,WPRO,2,1192,0,22
2020-07-11,NZ,New Zealand,WPRO,1,1193,0,22
2020-07-12,NZ,New Zealand,WPRO,1,1194,0,22
2020-07-13,NZ,New Zealand,WPRO,0,1194,0,22
2020-07-14,NZ,New Zealand,WPRO,1,1195,0,22
2020-07-15,NZ,New Zealand,WPRO,2,1197,0,22
2020-07-16,NZ,New Zealand,WPRO,1,1198,0,22
2020-07-17,NZ,New Zealand,WPRO,1,1199,0,22
2020-07-18,NZ,New Zealand,WPRO,1,1200,0,22
2020-07-19,NZ,New Zealand,WPRO,3,1203,0,22
2020-07-20,NZ,New Zealand,WPRO,1,1204,0,22
2020-07-21,NZ,New Zealand,WPRO,1,1205,0,22
2020-07-22,NZ,New Zealand,WPRO,0,1205,0,22
2020-07-23,NZ,New Zealand,WPRO,0,1205,0,22
2020-07-24,NZ,New Zealand,WPRO,1,1206,0,22
2020-07-25,NZ,New Zealand,WPRO,0,1206,0,22
2020-07-26,NZ,New Zealand,WPRO,0,1206,0,22
2020-07-27,NZ,New Zealand,WPRO,0,1206,0,22
2020-07-28,NZ,New Zealand,WPRO,1,1207,0,22
2020-07-29,NZ,New Zealand,WPRO,1,1208,0,22
2020-07-30,NZ,New Zealand,WPRO,2,1210,0,22
2020-07-31,NZ,New Zealand,WPRO,0,1210,0,22
2020-08-01,NZ,New Zealand,WPRO,2,1212,0,22
2020-08-02,NZ,New Zealand,WPRO,3,1215,0,22
2020-08-03,NZ,New Zealand,WPRO,2,1217,0,22
2020-08-04,NZ,New Zealand,WPRO,0,1217,0,22
2020-08-05,NZ,New Zealand,WPRO,2,1219,0,22
2020-08-06,NZ,New Zealand,WPRO,0,1219,0,22
2020-08-07,NZ,New Zealand,WPRO,0,1219,0,22
2020-08-08,NZ,New Zealand,WPRO,0,1219,0,22
2020-08-09,NZ,New Zealand,WPRO,0,1219,0,22
2020-08-10,NZ,New Zealand,WPRO,0,1219,0,22
2020-08-11,NZ,New Zealand,WPRO,1,1220,0,22
2020-08-12,NZ,New Zealand,WPRO,4,1224,0,22
2020-08-13,NZ,New Zealand,WPRO,14,1238,0,22
2020-08-14,NZ,New Zealand,WPRO,13,1251,0,22
2020-08-15,NZ,New Zealand,WPRO,7,1258,0,22
2020-08-16,NZ,New Zealand,WPRO,13,1271,0,22
2020-08-17,NZ,New Zealand,WPRO,9,1280,0,22
2020-08-18,NZ,New Zealand,WPRO,13,1293,0,22
2020-08-19,NZ,New Zealand,WPRO,6,1299,0,22
2020-08-20,NZ,New Zealand,WPRO,5,1304,0,22
2020-08-21,NZ,New Zealand,WPRO,11,1315,0,22
2020-08-22,NZ,New Zealand,WPRO,6,1321,0,22
2020-08-23,NZ,New Zealand,WPRO,3,1324,0,22
2020-08-24,NZ,New Zealand,WPRO,8,1332,0,22
2020-08-25,NZ,New Zealand,WPRO,7,1339,0,22
2020-08-26,NZ,New Zealand,WPRO,5,1344,0,22
2020-08-27,NZ,New Zealand,WPRO,7,1351,0,22
2020-08-28,NZ,New Zealand,WPRO,12,1363,0,22
2020-08-29,NZ,New Zealand,WPRO,13,1376,0,22
2020-08-30,NZ,New Zealand,WPRO,2,1378,0,22
2020-08-31,NZ,New Zealand,WPRO,9,1387,0,22
2020-09-01,NZ,New Zealand,WPRO,14,1401,0,22
2020-09-02,NZ,New Zealand,WPRO,5,1406,0,22
2020-09-03,NZ,New Zealand,WPRO,2,1408,0,22
2020-09-04,NZ,New Zealand,WPRO,5,1413,0,22
2020-09-05,NZ,New Zealand,WPRO,3,1416,2,24
2020-09-06,NZ,New Zealand,WPRO,5,1421,0,24
2020-09-07,NZ,New Zealand,WPRO,4,1425,0,24
2020-09-08,NZ,New Zealand,WPRO,6,1431,0,24
2020-09-09,NZ,New Zealand,WPRO,6,1437,0,24
2020-09-10,NZ,New Zealand,WPRO,4,1441,0,24
2020-09-11,NZ,New Zealand,WPRO,1,1442,0,24
2020-09-12,NZ,New Zealand,WPRO,2,1444,0,24
2020-09-13,NZ,New Zealand,WPRO,2,1446,0,24
2020-09-14,NZ,New Zealand,WPRO,1,1447,0,24
2020-09-15,NZ,New Zealand,WPRO,3,1450,0,24
2020-09-16,NZ,New Zealand,WPRO,1,1451,1,25
2020-09-17,NZ,New Zealand,WPRO,7,1458,0,25
2020-09-18,NZ,New Zealand,WPRO,0,1458,0,25
2020-09-19,NZ,New Zealand,WPRO,2,1460,0,25
2020-09-20,NZ,New Zealand,WPRO,4,1464,0,25
2020-09-21,NZ,New Zealand,WPRO,0,1464,0,25
2020-09-22,NZ,New Zealand,WPRO,0,1464,0,25
2020-09-23,NZ,New Zealand,WPRO,4,1468,0,25
2020-09-24,NZ,New Zealand,WPRO,3,1471,0,25
2020-09-25,NZ,New Zealand,WPRO,2,1473,0,25
2020-09-26,NZ,New Zealand,WPRO,2,1475,0,25
2020-09-27,NZ,New Zealand,WPRO,2,1477,0,25
2020-09-28,NZ,New Zealand,WPRO,0,1477,0,25
2020-09-29,NZ,New Zealand,WPRO,2,1479,0,25
2020-09-30,NZ,New Zealand,WPRO,1,1480,0,25
2020-10-01,NZ,New Zealand,WPRO,12,1492,0,25
2020-10-02,NZ,New Zealand,WPRO,0,1492,0,25
2020-10-03,NZ,New Zealand,WPRO,1,1493,0,25
2020-10-04,NZ,New Zealand,WPRO,5,1498,0,25
2020-10-05,NZ,New Zealand,WPRO,1,1499,0,25
2020-10-06,NZ,New Zealand,WPRO,3,1502,0,25
2020-10-07,NZ,New Zealand,WPRO,3,1505,0,25
2020-10-08,NZ,New Zealand,WPRO,3,1508,0,25
2020-10-09,NZ,New Zealand,WPRO,2,1510,0,25
2020-10-10,NZ,New Zealand,WPRO,4,1514,0,25
2020-10-11,NZ,New Zealand,WPRO,1,1515,0,25
2020-10-12,NZ,New Zealand,WPRO,0,1515,0,25
2020-10-13,NZ,New Zealand,WPRO,1,1516,0,25
2020-10-14,NZ,New Zealand,WPRO,2,1518,0,25
2020-10-15,NZ,New Zealand,WPRO,2,1520,0,25
2020-10-16,NZ,New Zealand,WPRO,4,1524,0,25
2020-10-17,NZ,New Zealand,WPRO,3,1527,0,25
2020-10-18,NZ,New Zealand,WPRO,3,1530,0,25
2020-10-19,NZ,New Zealand,WPRO,0,1530,0,25
2020-10-20,NZ,New Zealand,WPRO,1,1531,0,25
2020-10-21,NZ,New Zealand,WPRO,25,1556,0,25
2020-10-22,NZ,New Zealand,WPRO,2,1558,0,25
2020-10-23,NZ,New Zealand,WPRO,9,1567,0,25
2020-10-24,NZ,New Zealand,WPRO,11,1578,0,25
2020-10-25,NZ,New Zealand,WPRO,1,1579,0,25
2020-10-26,NZ,New Zealand,WPRO,5,1584,0,25
2020-10-27,NZ,New Zealand,WPRO,1,1585,0,25
2020-10-28,NZ,New Zealand,WPRO,2,1587,0,25
2020-10-29,NZ,New Zealand,WPRO,6,1593,0,25
2020-10-30,NZ,New Zealand,WPRO,1,1594,0,25
2020-10-31,NZ,New Zealand,WPRO,7,1601,0,25
2020-11-01,NZ,New Zealand,WPRO,3,1604,0,25
2020-11-02,NZ,New Zealand,WPRO,4,1608,0,25
2020-11-03,NZ,New Zealand,WPRO,5,1613,0,25
2020-11-04,NZ,New Zealand,WPRO,3,1616,0,25
2020-11-05,NZ,New Zealand,WPRO,2,1618,0,25
2020-11-06,NZ,New Zealand,WPRO,1,1619,0,25
2020-11-07,NZ,New Zealand,WPRO,2,1621,0,25
2020-11-08,NZ,New Zealand,WPRO,6,1627,0,25
2020-11-09,NZ,New Zealand,WPRO,4,1631,0,25
2020-11-10,NZ,New Zealand,WPRO,1,1632,0,25
2020-11-11,NZ,New Zealand,WPRO,1,1633,0,25
2020-11-12,NZ,New Zealand,WPRO,3,1636,0,25
2020-11-13,NZ,New Zealand,WPRO,4,1640,0,25
2020-11-14,NZ,New Zealand,WPRO,3,1643,0,25
2020-11-15,NZ,New Zealand,WPRO,2,1645,0,25
2020-11-16,NZ,New Zealand,WPRO,1,1646,0,25
2020-11-17,NZ,New Zealand,WPRO,4,1650,0,25
2020-11-18,NZ,New Zealand,WPRO,3,1653,0,25
2020-11-19,NZ,New Zealand,WPRO,2,1655,0,25
2020-11-20,NZ,New Zealand,WPRO,3,1658,0,25
2020-11-21,NZ,New Zealand,WPRO,6,1664,0,25
2020-11-22,NZ,New Zealand,WPRO,9,1673,0,25
2020-11-23,NZ,New Zealand,WPRO,1,1674,0,25
2020-11-24,NZ,New Zealand,WPRO,2,1676,0,25
2020-11-25,NZ,New Zealand,WPRO,8,1684,0,25
2020-11-26,NZ,New Zealand,WPRO,1,1685,0,25
2020-11-27,NZ,New Zealand,WPRO,7,1692,0,25
2020-11-28,NZ,New Zealand,WPRO,3,1695,0,25
2020-11-29,NZ,New Zealand,WPRO,2,1697,0,25
2020-11-30,NZ,New Zealand,WPRO,4,1701,0,25
2020-12-01,NZ,New Zealand,WPRO,3,1704,0,25
2020-12-02,NZ,New Zealand,WPRO,1,1705,0,25
2020-12-03,NZ,New Zealand,WPRO,9,1714,0,25
2020-12-04,NZ,New Zealand,WPRO,0,1714,0,25
2020-12-05,NZ,New Zealand,WPRO,9,1723,0,25
2020-12-06,NZ,New Zealand,WPRO,0,1723,0,25
2020-12-07,NZ,New Zealand,WPRO,1,1724,0,25
2020-12-08,NZ,New Zealand,WPRO,6,1730,0,25
2020-12-09,NZ,New Zealand,WPRO,1,1731,0,25
2020-12-10,NZ,New Zealand,WPRO,0,1731,0,25
2020-12-11,NZ,New Zealand,WPRO,6,1737,0,25
2020-12-12,NZ,New Zealand,WPRO,0,1737,0,25
2020-12-13,NZ,New Zealand,WPRO,4,1741,0,25
2020-12-14,NZ,New Zealand,WPRO,0,1741,0,25
2020-12-15,NZ,New Zealand,WPRO,0,1741,0,25
2020-12-16,NZ,New Zealand,WPRO,4,1745,0,25
2020-12-17,NZ,New Zealand,WPRO,0,1745,0,25
2020-12-18,NZ,New Zealand,WPRO,10,1755,0,25
2020-12-19,NZ,New Zealand,WPRO,0,1755,0,25
2020-12-20,NZ,New Zealand,WPRO,6,1761,0,25
2020-12-21,NZ,New Zealand,WPRO,5,1766,0,25
2020-12-22,NZ,New Zealand,WPRO,0,1766,0,25
2020-12-23,NZ,New Zealand,WPRO,7,1773,0,25
2020-12-24,NZ,New Zealand,WPRO,0,1773,0,25
2020-12-25,NZ,New Zealand,WPRO,0,1773,0,25
2020-12-26,NZ,New Zealand,WPRO,0,1773,0,25
2020-12-27,NZ,New Zealand,WPRO,16,1789,0,25
2020-12-28,NZ,New Zealand,WPRO,0,1789,0,25
2020-12-29,NZ,New Zealand,WPRO,7,1796,0,25
2020-12-30,NZ,New Zealand,WPRO,0,1796,0,25
2020-12-31,NZ,New Zealand,WPRO,11,1807,0,25
2021-01-01,NZ,New Zealand,WPRO,0,1807,0,25
2021-01-02,NZ,New Zealand,WPRO,19,1826,0,25
2021-01-03,NZ,New Zealand,WPRO,0,1826,0,25
2021-01-04,NZ,New Zealand,WPRO,3,1829,0,25
2021-01-05,NZ,New Zealand,WPRO,0,1829,0,25
2021-01-06,NZ,New Zealand,WPRO,4,1833,0,25
2021-01-07,NZ,New Zealand,WPRO,0,1833,0,25
2021-01-08,NZ,New Zealand,WPRO,0,1833,0,25
2021-01-09,NZ,New Zealand,WPRO,29,1862,0,25
2021-01-10,NZ,New Zealand,WPRO,4,1866,0,25
2021-01-11,NZ,New Zealand,WPRO,0,1866,0,25
2021-01-12,NZ,New Zealand,WPRO,7,1873,0,25
2021-01-13,NZ,New Zealand,WPRO,0,1873,0,25
2021-01-14,NZ,New Zealand,WPRO,18,1891,0,25
2021-01-15,NZ,New Zealand,WPRO,0,1891,0,25
2021-01-16,NZ,New Zealand,WPRO,10,1901,0,25
2021-01-17,NZ,New Zealand,WPRO,5,1906,0,25
2021-01-18,NZ,New Zealand,WPRO,0,1906,0,25
2021-01-19,NZ,New Zealand,WPRO,6,1912,0,25
2021-01-20,NZ,New Zealand,WPRO,0,1912,0,25
2021-01-21,NZ,New Zealand,WPRO,9,1921,0,25
2021-01-22,NZ,New Zealand,WPRO,0,1921,0,25
2021-01-23,NZ,New Zealand,WPRO,6,1927,0,25
2021-01-24,NZ,New Zealand,WPRO,6,1933,0,25
2021-01-25,NZ,New Zealand,WPRO,1,1934,0,25
2021-01-26,NZ,New Zealand,WPRO,5,1939,0,25
2021-01-27,NZ,New Zealand,WPRO,5,1944,0,25
2021-01-28,NZ,New Zealand,WPRO,3,1947,0,25
2021-01-29,NZ,New Zealand,WPRO,1,1948,0,25
2021-01-30,NZ,New Zealand,WPRO,0,1948,0,25
2021-01-31,NZ,New Zealand,WPRO,0,1948,0,25
2021-02-01,NZ,New Zealand,WPRO,2,1950,0,25
2021-02-02,NZ,New Zealand,WPRO,2,1952,0,25
2021-02-03,NZ,New Zealand,WPRO,6,1958,0,25
2021-02-04,NZ,New Zealand,WPRO,2,1960,0,25
2021-02-05,NZ,New Zealand,WPRO,0,1960,0,25
2021-02-06,NZ,New Zealand,WPRO,5,1965,0,25
2021-02-07,NZ,New Zealand,WPRO,0,1965,0,25
2021-02-08,NZ,New Zealand,WPRO,1,1966,0,25
2021-02-09,NZ,New Zealand,WPRO,2,1968,0,25
2021-02-10,NZ,New Zealand,WPRO,1,1969,0,25
2021-02-11,NZ,New Zealand,WPRO,2,1971,0,25
2021-02-12,NZ,New Zealand,WPRO,1,1972,0,25
2021-02-13,NZ,New Zealand,WPRO,3,1975,0,25
2021-02-14,NZ,New Zealand,WPRO,6,1981,0,25
2021-02-15,NZ,New Zealand,WPRO,1,1982,0,25
2021-02-16,NZ,New Zealand,WPRO,3,1985,1,26
2021-02-17,NZ,New Zealand,WPRO,4,1989,0,26
2021-02-18,NZ,New Zealand,WPRO,4,1993,0,26
2021-02-19,NZ,New Zealand,WPRO,0,1993,0,26
2021-02-20,NZ,New Zealand,WPRO,2,1995,0,26
2021-02-21,NZ,New Zealand,WPRO,7,2002,0,26
2021-02-22,NZ,New Zealand,WPRO,4,2006,0,26
2021-02-23,NZ,New Zealand,WPRO,4,2010,0,26
2021-02-24,NZ,New Zealand,WPRO,3,2013,0,26
2021-02-25,NZ,New Zealand,WPRO,3,2016,0,26
2021-02-26,NZ,New Zealand,WPRO,1,2017,0,26
2021-02-27,NZ,New Zealand,WPRO,4,2021,0,26
2021-02-28,NZ,New Zealand,WPRO,2,2023,0,26
2021-03-01,NZ,New Zealand,WPRO,4,2027,0,26
2021-03-02,NZ,New Zealand,WPRO,1,2028,0,26
2021-03-03,NZ,New Zealand,WPRO,6,2034,0,26
2021-03-04,NZ,New Zealand,WPRO,0,2034,0,26
2021-03-05,NZ,New Zealand,WPRO,9,2043,0,26
2021-03-06,NZ,New Zealand,WPRO,1,2044,0,26
2021-03-07,NZ,New Zealand,WPRO,6,2050,0,26
2021-03-08,NZ,New Zealand,WPRO,4,2054,0,26
2021-03-09,NZ,New Zealand,WPRO,1,2055,0,26
2021-03-10,NZ,New Zealand,WPRO,6,2061,0,26
2021-03-11,NZ,New Zealand,WPRO,1,2062,0,26
2021-03-12,NZ,New Zealand,WPRO,5,2067,0,26
2021-03-13,NZ,New Zealand,WPRO,1,2068,0,26
2021-03-14,NZ,New Zealand,WPRO,7,2075,0,26
2021-03-15,NZ,New Zealand,WPRO,1,2076,0,26
2021-03-16,NZ,New Zealand,WPRO,3,2079,0,26
2021-03-17,NZ,New Zealand,WPRO,0,2079,0,26
2021-03-18,NZ,New Zealand,WPRO,10,2089,0,26
2021-03-19,NZ,New Zealand,WPRO,0,2089,0,26
2021-03-20,NZ,New Zealand,WPRO,9,2098,0,26
2021-03-21,NZ,New Zealand,WPRO,9,2107,0,26
2021-03-22,NZ,New Zealand,WPRO,5,2112,0,26
2021-03-23,NZ,New Zealand,WPRO,3,2115,0,26
2021-03-24,NZ,New Zealand,WPRO,6,2121,0,26
2021-03-25,NZ,New Zealand,WPRO,3,2124,0,26
2021-03-26,NZ,New Zealand,WPRO,2,2126,0,26
2021-03-27,NZ,New Zealand,WPRO,1,2127,0,26
2021-03-28,NZ,New Zealand,WPRO,11,2138,0,26
2021-03-29,NZ,New Zealand,WPRO,2,2140,0,26
2021-03-30,NZ,New Zealand,WPRO,1,2141,0,26
2021-03-31,NZ,New Zealand,WPRO,5,2146,0,26
2021-04-01,NZ,New Zealand,WPRO,0,2146,0,26
2021-04-02,NZ,New Zealand,WPRO,0,2146,0,26
2021-04-03,NZ,New Zealand,WPRO,6,2152,0,26
2021-04-04,NZ,New Zealand,WPRO,0,2152,0,26
2021-04-05,NZ,New Zealand,WPRO,17,2169,0,26
2021-04-06,NZ,New Zealand,WPRO,7,2176,0,26
2021-04-07,NZ,New Zealand,WPRO,24,2200,0,26
2021-04-08,NZ,New Zealand,WPRO,6,2206,0,26
2021-04-09,NZ,New Zealand,WPRO,10,2216,0,26
2021-04-10,NZ,New Zealand,WPRO,3,2219,0,26
2021-04-11,NZ,New Zealand,WPRO,9,2228,0,26
2021-04-12,NZ,New Zealand,WPRO,4,2232,0,26
2021-04-13,NZ,New Zealand,WPRO,2,2234,0,26
2021-04-14,NZ,New Zealand,WPRO,0,2234,0,26
2021-04-15,NZ,New Zealand,WPRO,1,2235,0,26
2021-04-16,NZ,New Zealand,WPRO,0,2235,0,26
2021-04-17,NZ,New Zealand,WPRO,4,2239,0,26
2021-04-18,NZ,New Zealand,WPRO,2,2241,0,26
2021-04-19,NZ,New Zealand,WPRO,1,2242,0,26
2021-04-20,NZ,New Zealand,WPRO,0,2242,0,26
2021-04-21,NZ,New Zealand,WPRO,3,2245,0,26
2021-04-22,NZ,New Zealand,WPRO,0,2245,0,26
2021-04-23,NZ,New Zealand,WPRO,1,2246,0,26
2021-04-24,NZ,New Zealand,WPRO,0,2246,0,26
2021-04-25,NZ,New Zealand,WPRO,0,2246,0,26
2021-04-26,NZ,New Zealand,WPRO,7,2253,0,26
2021-04-27,NZ,New Zealand,WPRO,2,2255,0,26
2021-04-28,NZ,New Zealand,WPRO,3,2258,0,26
2021-04-29,NZ,New Zealand,WPRO,0,2258,0,26
2021-04-30,NZ,New Zealand,WPRO,0,2258,0,26
2021-05-01,NZ,New Zealand,WPRO,4,2262,0,26
2021-05-02,NZ,New Zealand,WPRO,5,2267,0,26
2021-05-03,NZ,New Zealand,WPRO,1,2268,0,26
2021-05-04,NZ,New Zealand,WPRO,6,2274,0,26
2021-05-05,NZ,New Zealand,WPRO,4,2278,0,26
2021-05-06,NZ,New Zealand,WPRO,1,2279,0,26
2021-05-07,NZ,New Zealand,WPRO,6,2285,0,26
2021-05-08,NZ,New Zealand,WPRO,2,2287,0,26
2021-05-09,NZ,New Zealand,WPRO,0,2287,0,26
2021-05-10,NZ,New Zealand,WPRO,0,2287,0,26
2021-05-11,NZ,New Zealand,WPRO,1,2288,0,26
2021-05-12,NZ,New Zealand,WPRO,1,2289,0,26
2021-05-13,NZ,New Zealand,WPRO,1,2290,0,26
2021-05-14,NZ,New Zealand,WPRO,0,2290,0,26
2021-05-15,NZ,New Zealand,WPRO,1,2291,0,26
2021-05-16,NZ,New Zealand,WPRO,5,2296,0,26
2021-05-17,NZ,New Zealand,WPRO,1,2297,0,26
2021-05-18,NZ,New Zealand,WPRO,6,2303,0,26
2021-05-19,NZ,New Zealand,WPRO,1,2304,0,26
2021-05-20,NZ,New Zealand,WPRO,3,2307,0,26
2021-05-21,NZ,New Zealand,WPRO,0,2307,0,26
2021-05-22,NZ,New Zealand,WPRO,1,2308,0,26
2021-05-23,NZ,New Zealand,WPRO,4,2312,0,26
2021-05-24,NZ,New Zealand,WPRO,2,2314,0,26
2021-05-25,NZ,New Zealand,WPRO,0,2314,0,26
2021-05-26,NZ,New Zealand,WPRO,1,2315,0,26
2021-05-27,NZ,New Zealand,WPRO,0,2315,0,26
2021-05-28,NZ,New Zealand,WPRO,0,2315,0,26
2021-05-29,NZ,New Zealand,WPRO,2,2317,0,26
2021-05-30,NZ,New Zealand,WPRO,1,2318,0,26
2021-05-31,NZ,New Zealand,WPRO,0,2318,0,26
2021-06-01,NZ,New Zealand,WPRO,6,2324,0,26
2021-06-02,NZ,New Zealand,WPRO,2,2326,0,26
2021-06-03,NZ,New Zealand,WPRO,0,2326,0,26
2021-06-04,NZ,New Zealand,WPRO,0,2326,0,26
2021-06-05,NZ,New Zealand,WPRO,1,2327,0,26
2021-06-06,NZ,New Zealand,WPRO,0,2327,0,26
2021-06-07,NZ,New Zealand,WPRO,10,2337,0,26
2021-06-08,NZ,New Zealand,WPRO,4,2341,0,26
2021-06-09,NZ,New Zealand,WPRO,1,2342,0,26
2021-06-10,NZ,New Zealand,WPRO,5,2347,0,26
2021-06-11,NZ,New Zealand,WPRO,0,2347,0,26
2021-06-12,NZ,New Zealand,WPRO,6,2353,0,26
2021-06-13,NZ,New Zealand,WPRO,0,2353,0,26
2021-06-14,NZ,New Zealand,WPRO,1,2354,0,26
2021-06-15,NZ,New Zealand,WPRO,2,2356,0,26
2021-06-16,NZ,New Zealand,WPRO,2,2358,0,26
2021-06-17,NZ,New Zealand,WPRO,1,2359,0,26
2021-06-18,NZ,New Zealand,WPRO,0,2359,0,26
2021-06-19,NZ,New Zealand,WPRO,3,2362,0,26
2021-06-20,NZ,New Zealand,WPRO,2,2364,0,26
2021-06-21,NZ,New Zealand,WPRO,0,2364,0,26
2021-06-22,NZ,New Zealand,WPRO,4,2368,0,26
2021-06-23,NZ,New Zealand,WPRO,0,2368,0,26
2021-06-24,NZ,New Zealand,WPRO,2,2370,0,26
2021-06-25,NZ,New Zealand,WPRO,2,2372,0,26
2021-06-26,NZ,New Zealand,WPRO,1,2373,0,26
2021-06-27,NZ,New Zealand,WPRO,9,2382,0,26
2021-06-28,NZ,New Zealand,WPRO,4,2386,0,26
2021-06-29,NZ,New Zealand,WPRO,0,2386,0,26
2021-06-30,NZ,New Zealand,WPRO,0,2386,0,26
2021-07-01,NZ,New Zealand,WPRO,1,2387,0,26
2021-07-02,NZ,New Zealand,WPRO,0,2387,0,26
2021-07-03,NZ,New Zealand,WPRO,9,2396,0,26
2021-07-04,NZ,New Zealand,WPRO,6,2402,0,26
2021-07-05,NZ,New Zealand,WPRO,1,2403,0,26
2021-07-06,NZ,New Zealand,WPRO,5,2408,0,26
2021-07-07,NZ,New Zealand,WPRO,0,2408,0,26
2021-07-08,NZ,New Zealand,WPRO,1,2409,0,26
2021-07-09,NZ,New Zealand,WPRO,0,2409,0,26
2021-07-10,NZ,New Zealand,WPRO,3,2412,0,26
2021-07-11,NZ,New Zealand,WPRO,1,2413,0,26
2021-07-12,NZ,New Zealand,WPRO,18,2431,0,26
2021-07-13,NZ,New Zealand,WPRO,3,2434,0,26
2021-07-14,NZ,New Zealand,WPRO,5,2439,0,26
2021-07-15,NZ,New Zealand,WPRO,8,2447,0,26
2021-07-16,NZ,New Zealand,WPRO,0,2447,0,26
2021-07-17,NZ,New Zealand,WPRO,12,2459,0,26
2021-07-18,NZ,New Zealand,WPRO,2,2461,0,26
2021-07-19,NZ,New Zealand,WPRO,6,2467,0,26
2021-07-20,NZ,New Zealand,WPRO,6,2473,0,26
2021-07-21,NZ,New Zealand,WPRO,7,2480,0,26
2021-07-22,NZ,New Zealand,WPRO,20,2500,0,26
2021-07-23,NZ,New Zealand,WPRO,5,2505,0,26
2021-07-24,NZ,New Zealand,WPRO,0,2505,0,26
2021-07-25,NZ,New Zealand,WPRO,2,2507,0,26
2021-07-26,NZ,New Zealand,WPRO,1,2508,0,26
2021-07-27,NZ,New Zealand,WPRO,0,2508,0,26
2021-07-28,NZ,New Zealand,WPRO,3,2511,0,26
2021-07-29,NZ,New Zealand,WPRO,3,2514,0,26
2021-07-30,NZ,New Zealand,WPRO,0,2514,0,26
2021-07-31,NZ,New Zealand,WPRO,4,2518,0,26
2021-08-01,NZ,New Zealand,WPRO,3,2521,0,26
2021-08-02,NZ,New Zealand,WPRO,0,2521,0,26
2021-08-03,NZ,New Zealand,WPRO,3,2524,0,26
2021-08-04,NZ,New Zealand,WPRO,0,2524,0,26
2021-08-05,NZ,New Zealand,WPRO,0,2524,0,26
2021-08-06,NZ,New Zealand,WPRO,1,2525,0,26
2021-08-07,NZ,New Zealand,WPRO,5,2530,0,26
2021-08-08,NZ,New Zealand,WPRO,2,2532,0,26
2021-08-09,NZ,New Zealand,WPRO,14,2546,0,26
2021-08-10,NZ,New Zealand,WPRO,2,2548,0,26
2021-08-11,NZ,New Zealand,WPRO,9,2557,0,26
2021-08-12,NZ,New Zealand,WPRO,1,2558,0,26
2021-08-13,NZ,New Zealand,WPRO,0,2558,0,26
2021-08-14,NZ,New Zealand,WPRO,5,2563,0,26
2021-08-15,NZ,New Zealand,WPRO,7,2570,0,26
2021-08-16,NZ,New Zealand,WPRO,0,2570,0,26
2021-08-17,NZ,New Zealand,WPRO,8,2578,0,26
2021-08-18,NZ,New Zealand,WPRO,20,2598,0,26
2021-08-19,NZ,New Zealand,WPRO,14,2612,0,26
2021-08-20,NZ,New Zealand,WPRO,24,2636,0,26
2021-08-21,NZ,New Zealand,WPRO,24,2660,0,26
2021-08-22,NZ,New Zealand,WPRO,38,2698,0,26
2021-08-23,NZ,New Zealand,WPRO,42,2740,0,26
2021-08-24,NZ,New Zealand,WPRO,63,2803,0,26
2021-08-25,NZ,New Zealand,WPRO,68,2871,0,26
2021-08-26,NZ,New Zealand,WPRO,70,2941,0,26
2021-08-27,NZ,New Zealand,WPRO,83,3024,0,26
2021-08-28,NZ,New Zealand,WPRO,84,3108,0,26
2021-08-29,NZ,New Zealand,WPRO,55,3163,0,26
2021-08-30,NZ,New Zealand,WPRO,49,3212,0,26
2021-08-31,NZ,New Zealand,WPRO,75,3287,0,26
2021-09-01,NZ,New Zealand,WPRO,53,3340,0,26
2021-09-02,NZ,New Zealand,WPRO,29,3369,0,26
2021-09-03,NZ,New Zealand,WPRO,18,3387,1,27
2021-09-04,NZ,New Zealand,WPRO,25,3412,0,27
2021-09-05,NZ,New Zealand,WPRO,23,3435,0,27
2021-09-06,NZ,New Zealand,WPRO,22,3457,0,27
2021-09-07,NZ,New Zealand,WPRO,16,3473,0,27
2021-09-08,NZ,New Zealand,WPRO,18,3491,0,27
2021-09-09,NZ,New Zealand,WPRO,19,3510,0,27
2021-09-10,NZ,New Zealand,WPRO,24,3534,0,27
2021-09-11,NZ,New Zealand,WPRO,23,3557,0,27
2021-09-12,NZ,New Zealand,WPRO,36,3593,0,27
2021-09-13,NZ,New Zealand,WPRO,15,3608,0,27
2021-09-14,NZ,New Zealand,WPRO,17,3625,0,27
2021-09-15,NZ,New Zealand,WPRO,17,3642,0,27
2021-09-16,NZ,New Zealand,WPRO,16,3658,0,27
2021-09-17,NZ,New Zealand,WPRO,22,3680,0,27
2021-09-18,NZ,New Zealand,WPRO,22,3702,0,27
2021-09-19,NZ,New Zealand,WPRO,22,3724,0,27
2021-09-20,NZ,New Zealand,WPRO,15,3739,0,27
2021-09-21,NZ,New Zealand,WPRO,23,3762,0,27
2021-09-22,NZ,New Zealand,WPRO,16,3778,0,27
2021-09-23,NZ,New Zealand,WPRO,10,3788,0,27
2021-09-24,NZ,New Zealand,WPRO,18,3806,0,27
2021-09-25,NZ,New Zealand,WPRO,20,3826,0,27
2021-09-26,NZ,New Zealand,WPRO,10,3836,0,27
2021-09-27,NZ,New Zealand,WPRO,11,3847,0,27
2021-09-28,NZ,New Zealand,WPRO,45,3892,0,27
2021-09-29,NZ,New Zealand,WPRO,24,3916,0,27
2021-09-30,NZ,New Zealand,WPRO,19,3935,0,27
2021-10-01,NZ,New Zealand,WPRO,27,3962,0,27
2021-10-02,NZ,New Zealand,WPRO,32,3994,0,27
2021-10-03,NZ,New Zealand,WPRO,30,4024,0,27
2021-10-04,NZ,New Zealand,WPRO,26,4050,0,27
2021-10-05,NZ,New Zealand,WPRO,41,4091,0,27
2021-10-06,NZ,New Zealand,WPRO,31,4122,0,27
2021-10-07,NZ,New Zealand,WPRO,47,4169,1,28
2021-10-08,NZ,New Zealand,WPRO,35,4204,0,28
2021-10-09,NZ,New Zealand,WPRO,61,4265,0,28
2021-10-10,NZ,New Zealand,WPRO,34,4299,0,28
2021-10-11,NZ,New Zealand,WPRO,46,4345,0,28
2021-10-12,NZ,New Zealand,WPRO,55,4400,0,28
2021-10-13,NZ,New Zealand,WPRO,72,4472,0,28
2021-10-14,NZ,New Zealand,WPRO,66,4538,0,28
2021-10-15,NZ,New Zealand,WPRO,41,4579,0,28
2021-10-16,NZ,New Zealand,WPRO,52,4631,0,28
2021-10-17,NZ,New Zealand,WPRO,64,4695,0,28
2021-10-18,NZ,New Zealand,WPRO,97,4792,0,28
2021-10-19,NZ,New Zealand,WPRO,60,4852,0,28
2021-10-20,NZ,New Zealand,WPRO,104,4956,0,28
2021-10-21,NZ,New Zealand,WPRO,134,5090,0,28
2021-10-22,NZ,New Zealand,WPRO,103,5193,0,28
2021-10-23,NZ,New Zealand,WPRO,85,5278,0,28
2021-10-24,NZ,New Zealand,WPRO,104,5382,0,28
2021-10-25,NZ,New Zealand,WPRO,79,5461,0,28
2021-10-26,NZ,New Zealand,WPRO,78,5539,0,28
2021-10-27,NZ,New Zealand,WPRO,96,5635,0,28
2021-10-28,NZ,New Zealand,WPRO,129,5764,0,28
2021-10-29,NZ,New Zealand,WPRO,161,5925,0,28
2021-10-30,NZ,New Zealand,WPRO,142,6067,0,28
2021-10-31,NZ,New Zealand,WPRO,166,6233,0,28
2021-11-01,NZ,New Zealand,WPRO,128,6361,0,28
2021-11-02,NZ,New Zealand,WPRO,108,6469,0,28
2021-11-03,NZ,New Zealand,WPRO,142,6611,0,28
2021-11-04,NZ,New Zealand,WPRO,166,6777,1,29
2021-11-05,NZ,New Zealand,WPRO,204,6981,2,31
2021-11-06,NZ,New Zealand,WPRO,113,7094,0,31
2021-11-07,NZ,New Zealand,WPRO,192,7286,1,32
2021-11-08,NZ,New Zealand,WPRO,126,7412,0,32
2021-11-09,NZ,New Zealand,WPRO,149,7561,0,32
2021-11-10,NZ,New Zealand,WPRO,182,7743,1,33
2021-11-11,NZ,New Zealand,WPRO,202,7945,0,33
2021-11-12,NZ,New Zealand,WPRO,176,8121,0,33
2021-11-13,NZ,New Zealand,WPRO,209,8330,0,33
2021-11-14,NZ,New Zealand,WPRO,174,8504,0,33
2021-11-15,NZ,New Zealand,WPRO,222,8726,2,35
2021-11-16,NZ,New Zealand,WPRO,196,8922,0,35
2021-11-17,NZ,New Zealand,WPRO,168,9090,0,35
2021-11-18,NZ,New Zealand,WPRO,200,9290,3,38
2021-11-19,NZ,New Zealand,WPRO,169,9459,1,39
2021-11-20,NZ,New Zealand,WPRO,147,9606,0,39
2021-11-21,NZ,New Zealand,WPRO,200,9806,1,40
2021-11-22,NZ,New Zealand,WPRO,219,10025,0,40
2021-11-23,NZ,New Zealand,WPRO,214,10239,0,40
2021-11-24,NZ,New Zealand,WPRO,182,10421,1,41
2021-11-25,NZ,New Zealand,WPRO,177,10598,1,42
2021-11-26,NZ,New Zealand,WPRO,145,10743,0,42
2021-11-27,NZ,New Zealand,WPRO,146,10889,1,43
2021-11-28,NZ,New Zealand,WPRO,182,11071,0,43
2021-11-29,NZ,New Zealand,WPRO,133,11204,1,44
2021-11-30,NZ,New Zealand,WPRO,147,11351,0,44
2021-12-01,NZ,New Zealand,WPRO,173,11524,0,44
2021-12-02,NZ,New Zealand,WPRO,93,11617,0,44
2021-12-03,NZ,New Zealand,WPRO,100,11717,0,44
2021-12-04,NZ,New Zealand,WPRO,109,11826,0,44
2021-12-05,NZ,New Zealand,WPRO,133,11959,0,44
2021-12-06,NZ,New Zealand,WPRO,95,12054,0,44
2021-12-07,NZ,New Zealand,WPRO,92,12146,0,44
2021-12-08,NZ,New Zealand,WPRO,105,12251,0,44
2021-12-09,NZ,New Zealand,WPRO,96,12347,2,46
2021-12-10,NZ,New Zealand,WPRO,64,12411,0,46
2021-12-11,NZ,New Zealand,WPRO,103,12514,0,46
2021-12-12,NZ,New Zealand,WPRO,102,12616,1,47
2021-12-13,NZ,New Zealand,WPRO,81,12697,0,47
2021-12-14,NZ,New Zealand,WPRO,76,12773,0,47
2021-12-15,NZ,New Zealand,WPRO,95,12868,1,48
2021-12-16,NZ,New Zealand,WPRO,79,12947,1,49
2021-12-17,NZ,New Zealand,WPRO,45,12992,0,49
2021-12-18,NZ,New Zealand,WPRO,62,13054,0,49
2021-12-19,NZ,New Zealand,WPRO,74,13128,0,49
2021-12-20,NZ,New Zealand,WPRO,31,13159,0,49
2021-12-21,NZ,New Zealand,WPRO,59,13218,0,49
2021-12-22,NZ,New Zealand,WPRO,59,13277,0,49
2021-12-23,NZ,New Zealand,WPRO,72,13349,0,49
2021-12-24,NZ,New Zealand,WPRO,66,13415,1,50
2021-12-25,NZ,New Zealand,WPRO,70,13485,0,50
2021-12-26,NZ,New Zealand,WPRO,44,13529,0,50
2021-12-27,NZ,New Zealand,WPRO,33,13562,0,50
2021-12-28,NZ,New Zealand,WPRO,54,13616,0,50
2021-12-29,NZ,New Zealand,WPRO,70,13686,1,51
2021-12-30,NZ,New Zealand,WPRO,60,13746,0,51
2021-12-31,NZ,New Zealand,WPRO,0,13746,0,51
2022-01-01,NZ,New Zealand,WPRO,137,13883,0,51
2022-01-02,NZ,New Zealand,WPRO,49,13932,0,51
2022-01-03,NZ,New Zealand,WPRO,58,13990,0,51
2022-01-04,NZ,New Zealand,WPRO,40,14030,0,51
2022-01-05,NZ,New Zealand,WPRO,61,14091,0,51
2022-01-06,NZ,New Zealand,WPRO,59,14150,0,51
2022-01-07,NZ,New Zealand,WPRO,71,14221,0,51
2022-01-08,NZ,New Zealand,WPRO,77,14298,0,51
2022-01-09,NZ,New Zealand,WPRO,60,14358,0,51
2022-01-10,NZ,New Zealand,WPRO,22,14380,0,51
2022-01-11,NZ,New Zealand,WPRO,91,14471,1,52
2022-01-12,NZ,New Zealand,WPRO,40,14511,0,52
2022-01-13,NZ,New Zealand,WPRO,61,14572,0,52
2022-01-14,NZ,New Zealand,WPRO,54,14626,0,52
2022-01-15,NZ,New Zealand,WPRO,68,14694,0,52
2022-01-16,NZ,New Zealand,WPRO,56,14750,0,52
2022-01-17,NZ,New Zealand,WPRO,44,14794,0,52
2022-01-18,NZ,New Zealand,WPRO,80,14874,0,52
2022-01-19,NZ,New Zealand,WPRO,85,14959,0,52
2022-01-20,NZ,New Zealand,WPRO,67,15026,0,52
2022-01-21,NZ,New Zealand,WPRO,78,15104,0,52
2022-01-22,NZ,New Zealand,WPRO,71,15175,0,52
2022-01-23,NZ,New Zealand,WPRO,75,15250,0,52
2022-01-24,NZ,New Zealand,WPRO,60,15310,0,52
2022-01-25,NZ,New Zealand,WPRO,60,15370,0,52
2022-01-26,NZ,New Zealand,WPRO,95,15465,0,52
2022-01-27,NZ,New Zealand,WPRO,150,15615,0,52
2022-01-28,NZ,New Zealand,WPRO,155,15770,0,52
2022-01-29,NZ,New Zealand,WPRO,139,15909,0,52
2022-01-30,NZ,New Zealand,WPRO,131,16040,0,52
2022-01-31,NZ,New Zealand,WPRO,206,16246,1,53
2022-02-01,NZ,New Zealand,WPRO,193,16439,0,53
2022-02-02,NZ,New Zealand,WPRO,189,16628,0,53
2022-02-03,NZ,New Zealand,WPRO,273,16901,0,53
2022-02-04,NZ,New Zealand,WPRO,269,17170,0,53
2022-02-05,NZ,New Zealand,WPRO,227,17397,0,53
2022-02-06,NZ,New Zealand,WPRO,214,17611,0,53
2022-02-07,NZ,New Zealand,WPRO,265,17876,0,53
2022-02-08,NZ,New Zealand,WPRO,248,18124,0,53
2022-02-09,NZ,New Zealand,WPRO,334,18458,0,53
2022-02-10,NZ,New Zealand,WPRO,476,18934,0,53
2022-02-11,NZ,New Zealand,WPRO,466,19400,0,53
2022-02-12,NZ,New Zealand,WPRO,789,20189,0,53
2022-02-13,NZ,New Zealand,WPRO,997,21186,0,53
2022-02-14,NZ,New Zealand,WPRO,738,21924,0,53
2022-02-15,NZ,New Zealand,WPRO,1148,23072,0,53
2022-02-16,NZ,New Zealand,WPRO,1525,24597,0,53
2022-02-17,NZ,New Zealand,WPRO,1947,26544,0,53
2022-02-18,NZ,New Zealand,WPRO,1611,28155,0,53
2022-02-19,NZ,New Zealand,WPRO,2395,30550,0,53
2022-02-20,NZ,New Zealand,WPRO,2360,32910,0,53
2022-02-21,NZ,New Zealand,WPRO,2736,35646,3,56
2022-02-22,NZ,New Zealand,WPRO,678,36324,0,56
2022-02-23,NZ,New Zealand,WPRO,8715,45039,0,56
2022-02-24,NZ,New Zealand,WPRO,12001,57040,0,56
2022-02-25,NZ,New Zealand,WPRO,13645,70685,0,56
2022-02-26,NZ,New Zealand,WPRO,15010,85695,0,56
2022-02-27,NZ,New Zealand,WPRO,13054,98749,0,56
2022-02-28,NZ,New Zealand,WPRO,21412,120161,0,56
2022-03-01,NZ,New Zealand,WPRO,22085,142246,0,56
2022-03-02,NZ,New Zealand,WPRO,23189,165435,0,56
2022-03-03,NZ,New Zealand,WPRO,22559,187994,7,63
2022-03-04,NZ,New Zealand,WPRO,18854,206848,0,63
2022-03-05,NZ,New Zealand,WPRO,15156,222004,2,65
2022-03-06,NZ,New Zealand,WPRO,17532,239536,0,65
2022-03-07,NZ,New Zealand,WPRO,23904,263440,0,65
2022-03-08,NZ,New Zealand,WPRO,22449,285889,0,65
2022-03-09,NZ,New Zealand,WPRO,21024,306913,16,81
2022-03-10,NZ,New Zealand,WPRO,21012,327925,5,86
2022-03-11,NZ,New Zealand,WPRO,18667,346592,7,93
2022-03-12,NZ,New Zealand,WPRO,14522,361114,8,101
2022-03-13,NZ,New Zealand,WPRO,15582,376696,1,102
2022-03-14,NZ,New Zealand,WPRO,21642,398338,15,117
2022-03-15,NZ,New Zealand,WPRO,19485,417823,24,141
2022-03-16,NZ,New Zealand,WPRO,19604,437427,10,151
2022-03-17,NZ,New Zealand,WPRO,14146,451573,0,151
2022-03-18,NZ,New Zealand,WPRO,18524,470097,0,151
2022-03-19,NZ,New Zealand,WPRO,11975,482072,0,151
2022-03-20,NZ,New Zealand,WPRO,14482,496554,12,163
2022-03-21,NZ,New Zealand,WPRO,20898,517452,0,163
2022-03-22,NZ,New Zealand,WPRO,20130,537582,21,184
2022-03-23,NZ,New Zealand,WPRO,18472,556054,8,192
2022-03-24,NZ,New Zealand,WPRO,15900,571954,9,201
2022-03-25,NZ,New Zealand,WPRO,14176,586130,16,217
2022-03-26,NZ,New Zealand,WPRO,10263,596393,6,223
2022-03-27,NZ,New Zealand,WPRO,12916,609309,8,231
2022-03-28,NZ,New Zealand,WPRO,17171,626480,35,266
2022-03-29,NZ,New Zealand,WPRO,15954,642434,12,278
2022-03-30,NZ,New Zealand,WPRO,15296,657730,21,299
2022-03-31,NZ,New Zealand,WPRO,13524,671254,15,314
2022-04-01,NZ,New Zealand,WPRO,11647,682901,16,330
2022-04-02,NZ,New Zealand,WPRO,8847,691748,20,350
2022-04-03,NZ,New Zealand,WPRO,10235,701983,13,363
2022-04-04,NZ,New Zealand,WPRO,14163,716146,23,386
2022-04-05,NZ,New Zealand,WPRO,12618,728764,18,404
2022-04-06,NZ,New Zealand,WPRO,11646,740410,22,426
2022-04-07,NZ,New Zealand,WPRO,9975,750385,0,426
2022-04-08,NZ,New Zealand,WPRO,8475,758860,19,445
2022-04-09,NZ,New Zealand,WPRO,6736,765596,12,457
2022-04-10,NZ,New Zealand,WPRO,7631,773227,12,469
2022-04-11,NZ,New Zealand,WPRO,10971,784198,14,483
2022-04-12,NZ,New Zealand,WPRO,9447,793645,14,497
2022-04-13,NZ,New Zealand,WPRO,9476,803121,17,514
2022-04-14,NZ,New Zealand,WPRO,7826,810947,20,534
2022-04-15,NZ,New Zealand,WPRO,5711,816658,9,543
2022-04-16,NZ,New Zealand,WPRO,5965,822623,11,554
2022-04-17,NZ,New Zealand,WPRO,6244,828867,10,564
2022-04-18,NZ,New Zealand,WPRO,8227,837094,6,570
2022-04-19,NZ,New Zealand,WPRO,11122,848216,12,582
2022-04-20,NZ,New Zealand,WPRO,10245,858461,18,600
2022-04-21,NZ,New Zealand,WPRO,9446,867907,10,610
2022-04-22,NZ,New Zealand,WPRO,7868,875775,17,627
2022-04-23,NZ,New Zealand,WPRO,5683,881458,9,636
2022-04-24,NZ,New Zealand,WPRO,5734,887192,8,644
2022-04-25,NZ,New Zealand,WPRO,6355,893547,5,649
2022-04-26,NZ,New Zealand,WPRO,9816,903363,22,671
2022-04-27,NZ,New Zealand,WPRO,9049,912412,12,683
2022-04-28,NZ,New Zealand,WPRO,8316,920728,13,696
2022-04-29,NZ,New Zealand,WPRO,7018,927746,6,702
2022-04-30,NZ,New Zealand,WPRO,5679,933425,5,707
2022-05-01,NZ,New Zealand,WPRO,6683,940108,6,713
2022-05-02,NZ,New Zealand,WPRO,9113,949221,18,731
2022-05-03,NZ,New Zealand,WPRO,8520,957741,22,753
2022-05-04,NZ,New Zealand,WPRO,8630,966371,21,774
2022-05-05,NZ,New Zealand,WPRO,7426,973797,0,774
2022-05-06,NZ,New Zealand,WPRO,6744,980541,34,808
2022-05-07,NZ,New Zealand,WPRO,5727,986268,2,810
2022-05-08,NZ,New Zealand,WPRO,6379,992647,2,812
2022-05-09,NZ,New Zealand,WPRO,9182,1001829,14,826
2022-05-10,NZ,New Zealand,WPRO,7987,1009816,29,855
2022-05-11,NZ,New Zealand,WPRO,9380,1019196,8,863
2022-05-12,NZ,New Zealand,WPRO,7519,1026715,29,892
2022-05-13,NZ,New Zealand,WPRO,7041,1033756,17,909
2022-05-14,NZ,New Zealand,WPRO,5806,1039562,14,923
2022-05-15,NZ,New Zealand,WPRO,11242,1050804,6,929
2022-05-16,NZ,New Zealand,WPRO,9908,1060712,0,929
2022-05-17,NZ,New Zealand,WPRO,5284,1065996,38,967
2022-05-18,NZ,New Zealand,WPRO,9098,1075094,6,973
2022-05-19,NZ,New Zealand,WPRO,7812,1082906,17,990
2022-05-20,NZ,New Zealand,WPRO,6703,1089609,7,997
2022-05-21,NZ,New Zealand,WPRO,5034,1094643,10,1007
2022-05-22,NZ,New Zealand,WPRO,6002,1100645,10,1017
2022-05-23,NZ,New Zealand,WPRO,8434,1109079,14,1031
2022-05-24,NZ,New Zealand,WPRO,8169,1117248,10,1041
2022-05-25,NZ,New Zealand,WPRO,7601,1124849,16,1057
2022-05-26,NZ,New Zealand,WPRO,6952,1131801,29,1086
2022-05-27,NZ,New Zealand,WPRO,6348,1138149,12,1098
2022-05-28,NZ,New Zealand,WPRO,4868,1143017,9,1107
2022-05-29,NZ,New Zealand,WPRO,5776,1148793,5,1112
2022-05-30,NZ,New Zealand,WPRO,8434,1157227,16,1128
2022-05-31,NZ,New Zealand,WPRO,8191,1165418,12,1140
2022-06-01,NZ,New Zealand,WPRO,7915,1173333,11,1151
2022-06-02,NZ,New Zealand,WPRO,6250,1179583,12,1163
2022-06-03,NZ,New Zealand,WPRO,6373,1185956,9,1172
2022-06-04,NZ,New Zealand,WPRO,4450,1190406,7,1179
2022-06-05,NZ,New Zealand,WPRO,4469,1194875,7,1186
2022-06-06,NZ,New Zealand,WPRO,5722,1200597,8,1194
2022-06-07,NZ,New Zealand,WPRO,7202,1207799,22,1216
2022-06-08,NZ,New Zealand,WPRO,8017,1215816,24,1240
2022-06-09,NZ,New Zealand,WPRO,6383,1222199,7,1247
2022-06-10,NZ,New Zealand,WPRO,5184,1227383,8,1255
2022-06-11,NZ,New Zealand,WPRO,4534,1231917,6,1261
2022-06-12,NZ,New Zealand,WPRO,10720,1242637,6,1267
2022-06-13,NZ,New Zealand,WPRO,37,1242674,19,1286
2022-06-14,NZ,New Zealand,WPRO,5638,1248312,9,1295
2022-06-15,NZ,New Zealand,WPRO,5542,1253854,13,1308
2022-06-16,NZ,New Zealand,WPRO,4962,1258816,7,1315
2022-06-17,NZ,New Zealand,WPRO,4517,1263333,8,1323
2022-06-18,NZ,New Zealand,WPRO,3402,1266735,5,1328
2022-06-19,NZ,New Zealand,WPRO,4077,1270812,9,1337
2022-06-20,NZ,New Zealand,WPRO,5792,1276604,13,1350
2022-06-21,NZ,New Zealand,WPRO,5679,1282283,18,1368
2022-06-22,NZ,New Zealand,WPRO,5391,1287674,12,1380
2022-06-23,NZ,New Zealand,WPRO,0,1287674,0,1380
2022-06-24,NZ,New Zealand,WPRO,9054,1296728,24,1404
2022-06-25,NZ,New Zealand,WPRO,4672,1301400,6,1410
2022-06-26,NZ,New Zealand,WPRO,12954,1314354,11,1421
2022-06-27,NZ,New Zealand,WPRO,997,1315351,16,1437
2022-06-28,NZ,New Zealand,WPRO,8177,1323528,12,1449
2022-06-29,NZ,New Zealand,WPRO,7723,1331251,17,1466
2022-06-30,NZ,New Zealand,WPRO,7195,1338446,7,1473
2022-07-01,NZ,New Zealand,WPRO,6729,1345175,20,1493
2022-07-02,NZ,New Zealand,WPRO,5359,1350534,14,1507
2022-07-03,NZ,New Zealand,WPRO,0,1350534,5,1512
2022-07-04,NZ,New Zealand,WPRO,6503,1357037,22,1534
2022-07-05,NZ,New Zealand,WPRO,9816,1366853,12,1546
2022-07-06,NZ,New Zealand,WPRO,16808,1383661,15,1561
2022-07-07,NZ,New Zealand,WPRO,6724,1390385,20,1581
2022-07-08,NZ,New Zealand,WPRO,13734,1404119,22,1603
2022-07-09,NZ,New Zealand,WPRO,9318,1413437,8,1611
2022-07-10,NZ,New Zealand,WPRO,7495,1420932,17,1628
2022-07-11,NZ,New Zealand,WPRO,8400,1429332,17,1645
2022-07-12,NZ,New Zealand,WPRO,11597,1440929,29,1674
2022-07-13,NZ,New Zealand,WPRO,11592,1452521,23,1697
2022-07-14,NZ,New Zealand,WPRO,11551,1464072,16,1713
2022-07-15,NZ,New Zealand,WPRO,10803,1474875,27,1740
2022-07-16,NZ,New Zealand,WPRO,9352,1484227,22,1762
2022-07-17,NZ,New Zealand,WPRO,6379,1490606,22,1784
2022-07-18,NZ,New Zealand,WPRO,7796,1498402,19,1803
2022-07-19,NZ,New Zealand,WPRO,10196,1508598,34,1837
2022-07-20,NZ,New Zealand,WPRO,10574,1519172,31,1868
2022-07-21,NZ,New Zealand,WPRO,10061,1529233,22,1890
2022-07-22,NZ,New Zealand,WPRO,9087,1538320,21,1911
2022-07-23,NZ,New Zealand,WPRO,7891,1546211,14,1925
2022-07-24,NZ,New Zealand,WPRO,5564,1551775,16,1941
2022-07-25,NZ,New Zealand,WPRO,7008,1558783,98,2039
2022-07-26,NZ,New Zealand,WPRO,9507,1568290,44,2083
2022-07-27,NZ,New Zealand,WPRO,8986,1577276,12,2095
2022-07-28,NZ,New Zealand,WPRO,7699,1584975,0,2095
2022-07-29,NZ,New Zealand,WPRO,7918,1592893,0,2095
2022-07-30,NZ,New Zealand,WPRO,6309,1599202,0,2095
2022-07-31,NZ,New Zealand,WPRO,4176,1603378,0,2095
2022-08-01,NZ,New Zealand,WPRO,5581,1608959,0,2095
2022-08-02,NZ,New Zealand,WPRO,6988,1615947,0,2095
2022-08-03,NZ,New Zealand,WPRO,6374,1622321,0,2095
2022-08-04,NZ,New Zealand,WPRO,6395,1628716,0,2095
2022-08-05,NZ,New Zealand,WPRO,5505,1634221,0,2095
2022-08-06,NZ,New Zealand,WPRO,4837,1639058,0,2095
2022-08-07,NZ,New Zealand,WPRO,3322,1642380,0,2095
2022-08-08,NZ,New Zealand,WPRO,3963,1646343,0,2095
2022-08-09,NZ,New Zealand,WPRO,6003,1652346,0,2095
2022-08-10,NZ,New Zealand,WPRO,5277,1657623,0,2095
2022-08-11,NZ,New Zealand,WPRO,5022,1662645,0,2095
2022-08-12,NZ,New Zealand,WPRO,4156,1666801,0,2095
2022-08-13,NZ,New Zealand,WPRO,3682,1670483,0,2095
2022-08-14,NZ,New Zealand,WPRO,2597,1673080,0,2095
2022-08-15,NZ,New Zealand,WPRO,3413,1676493,0,2095
2022-08-16,NZ,New Zealand,WPRO,4854,1681347,0,2095
2022-08-17,NZ,New Zealand,WPRO,4502,1685849,0,2095
2022-08-18,NZ,New Zealand,WPRO,4537,1690386,0,2095
2022-08-19,NZ,New Zealand,WPRO,3949,1694335,0,2095
2022-08-20,NZ,New Zealand,WPRO,3374,1697709,0,2095
2022-08-21,NZ,New Zealand,WPRO,2053,1699762,0,2095
2022-08-22,NZ,New Zealand,WPRO,2700,1702462,0,2095
2022-08-23,NZ,New Zealand,WPRO,3762,1706224,0,2095
2022-08-24,NZ,New Zealand,WPRO,3200,1709424,0,2095
2022-08-25,NZ,New Zealand,WPRO,2768,1712192,0,2095
2022-08-26,NZ,New Zealand,WPRO,2488,1714680,0,2095
2022-08-27,NZ,New Zealand,WPRO,0,1714680,0,2095
2022-08-28,NZ,New Zealand,WPRO,3493,1718173,0,2095
2022-08-29,NZ,New Zealand,WPRO,1638,1719811,0,2095
2022-08-30,NZ,New Zealand,WPRO,2560,1722371,0,2095
2022-08-31,NZ,New Zealand,WPRO,2238,1724609,0,2095
2022-09-01,NZ,New Zealand,WPRO,2129,1726738,0,2095
2022-09-02,NZ,New Zealand,WPRO,1902,1728640,0,2095
2022-09-03,NZ,New Zealand,WPRO,0,1728640,0,2095
2022-09-04,NZ,New Zealand,WPRO,2607,1731247,0,2095
2022-09-05,NZ,New Zealand,WPRO,1288,1732535,0,2095
2022-09-06,NZ,New Zealand,WPRO,2094,1734629,0,2095
2022-09-07,NZ,New Zealand,WPRO,1838,1736467,0,2095
2022-09-08,NZ,New Zealand,WPRO,1703,1738170,0,2095
2022-09-09,NZ,New Zealand,WPRO,1548,1739718,0,2095
2022-09-10,NZ,New Zealand,WPRO,0,1739718,0,2095
2022-09-11,NZ,New Zealand,WPRO,2285,1742003,0,2095
2022-09-12,NZ,New Zealand,WPRO,1159,1743162,0,2095
2022-09-13,NZ,New Zealand,WPRO,2019,1745181,0,2095
2022-09-14,NZ,New Zealand,WPRO,0,1745181,0,2095
2022-09-15,NZ,New Zealand,WPRO,0,1745181,0,2095
2022-09-16,NZ,New Zealand,WPRO,0,1745181,0,2095
2022-09-17,NZ,New Zealand,WPRO,0,1745181,0,2095
2022-09-18,NZ,New Zealand,WPRO,0,1745181,0,2095
2022-09-19,NZ,New Zealand,WPRO,7219,1752400,0,2095
2022-09-20,NZ,New Zealand,WPRO,0,1752400,0,2095
2022-09-21,NZ,New Zealand,WPRO,0,1752400,0,2095
2022-09-22,NZ,New Zealand,WPRO,0,1752400,0,2095
2022-09-23,NZ,New Zealand,WPRO,0,1752400,0,2095
2022-09-24,NZ,New Zealand,WPRO,0,1752400,0,2095
2022-09-25,NZ,New Zealand,WPRO,0,1752400,0,2095
2022-09-26,NZ,New Zealand,WPRO,0,1752400,0,2095
2022-09-27,NZ,New Zealand,WPRO,9809,1762209,0,2095
2022-09-28,NZ,New Zealand,WPRO,0,1762209,0,2095
2022-09-29,NZ,New Zealand,WPRO,0,1762209,0,2095
2022-09-30,NZ,New Zealand,WPRO,0,1762209,0,2095
2022-10-01,NZ,New Zealand,WPRO,9807,1772016,0,2095
2022-10-02,NZ,New Zealand,WPRO,0,1772016,0,2095
2022-10-03,NZ,New Zealand,WPRO,0,1772016,0,2095
2022-10-04,NZ,New Zealand,WPRO,0,1772016,0,2095
2022-10-05,NZ,New Zealand,WPRO,0,1772016,0,2095
2022-10-06,NZ,New Zealand,WPRO,0,1772016,0,2095
2022-10-07,NZ,New Zealand,WPRO,0,1772016,0,2095
2022-10-08,NZ,New Zealand,WPRO,0,1772016,0,2095
2022-10-09,NZ,New Zealand,WPRO,0,1772016,0,2095
2022-10-10,NZ,New Zealand,WPRO,11019,1783035,0,2095
2022-10-11,NZ,New Zealand,WPRO,0,1783035,0,2095
2022-10-12,NZ,New Zealand,WPRO,0,1783035,0,2095
2022-10-13,NZ,New Zealand,WPRO,0,1783035,0,2095
2022-10-14,NZ,New Zealand,WPRO,0,1783035,0,2095
2022-10-15,NZ,New Zealand,WPRO,0,1783035,0,2095
2022-10-16,NZ,New Zealand,WPRO,14028,1797063,0,2095
2022-10-17,NZ,New Zealand,WPRO,14489,1811552,0,2095
2022-10-18,NZ,New Zealand,WPRO,0,1811552,0,2095
2022-10-19,NZ,New Zealand,WPRO,0,1811552,0,2095
2022-10-20,NZ,New Zealand,WPRO,0,1811552,0,2095
2022-10-21,NZ,New Zealand,WPRO,0,1811552,0,2095
2022-10-22,NZ,New Zealand,WPRO,0,1811552,0,2095
2022-10-23,NZ,New Zealand,WPRO,0,1811552,0,2095
2022-10-24,NZ,New Zealand,WPRO,0,1811552,0,2095
2022-10-25,NZ,New Zealand,WPRO,0,1811552,0,2095
2022-10-26,NZ,New Zealand,WPRO,0,1811552,0,2095
2022-10-27,NZ,New Zealand,WPRO,0,1811552,0,2095
2022-10-28,NZ,New Zealand,WPRO,0,1811552,24,2119
2022-10-29,NZ,New Zealand,WPRO,41043,1852595,0,2119
2022-10-30,NZ,New Zealand,WPRO,0,1852595,0,2119
2022-10-31,NZ,New Zealand,WPRO,0,1852595,0,2119
2022-11-01,NZ,New Zealand,WPRO,0,1852595,0,2119
2022-11-02,NZ,New Zealand,WPRO,0,1852595,0,2119
2022-11-03,NZ,New Zealand,WPRO,0,1852595,0,2119
2022-11-04,NZ,New Zealand,WPRO,0,1852595,0,2119
2022-11-05,NZ,New Zealand,WPRO,0,1852595,0,2119
2022-11-06,NZ,New Zealand,WPRO,0,1852595,0,2119
2022-11-07,NZ,New Zealand,WPRO,0,1852595,0,2119
2022-11-08,NZ,New Zealand,WPRO,19678,1872273,0,2119
2022-11-09,NZ,New Zealand,WPRO,0,1872273,0,2119
2022-11-10,NZ,New Zealand,WPRO,0,1872273,0,2119
2022-11-11,NZ,New Zealand,WPRO,0,1872273,0,2119
2022-11-12,NZ,New Zealand,WPRO,0,1872273,35,2154
2022-11-13,NZ,New Zealand,WPRO,0,1872273,0,2154
2022-11-14,NZ,New Zealand,WPRO,0,1872273,28,2182
2022-11-15,NZ,New Zealand,WPRO,21885,1894158,0,2182
2022-11-16,NZ,New Zealand,WPRO,0,1894158,0,2182
2022-11-17,NZ,New Zealand,WPRO,0,1894158,0,2182
2022-11-18,NZ,New Zealand,WPRO,0,1894158,0,2182
2022-11-19,NZ,New Zealand,WPRO,0,1894158,0,2182
2022-11-20,NZ,New Zealand,WPRO,0,1894158,0,2182
2022-11-21,NZ,New Zealand,WPRO,0,1894158,0,2182
2022-11-22,NZ,New Zealand,WPRO,0,1894158,0,2182
2022-11-23,NZ,New Zealand,WPRO,0,1894158,0,2182
2022-11-24,NZ,New Zealand,WPRO,0,1894158,0,2182
2022-11-25,NZ,New Zealand,WPRO,0,1894158,0,2182
2022-11-26,NZ,New Zealand,WPRO,0,1894158,30,2212
2022-11-27,NZ,New Zealand,WPRO,24759,1918917,0,2212
2022-11-28,NZ,New Zealand,WPRO,0,1918917,0,2212
2022-11-29,NZ,New Zealand,WPRO,0,1918917,0,2212
2022-11-30,NZ,New Zealand,WPRO,0,1918917,0,2212
2022-12-01,NZ,New Zealand,WPRO,0,1918917,0,2212
2022-12-02,NZ,New Zealand,WPRO,0,1918917,0,2212
2022-12-03,NZ,New Zealand,WPRO,0,1918917,23,2235
2022-12-04,NZ,New Zealand,WPRO,31859,1950776,0,2235
2022-12-05,NZ,New Zealand,WPRO,0,1950776,0,2235
2022-12-06,NZ,New Zealand,WPRO,0,1950776,0,2235
2022-12-07,NZ,New Zealand,WPRO,0,1950776,22,2257
2022-12-08,NZ,New Zealand,WPRO,37483,1988259,0,2257
2022-12-09,NZ,New Zealand,WPRO,0,1988259,0,2257
2022-12-10,NZ,New Zealand,WPRO,0,1988259,0,2257
2022-12-11,NZ,New Zealand,WPRO,0,1988259,0,2257
2022-12-12,NZ,New Zealand,WPRO,0,1988259,0,2257
2022-12-13,NZ,New Zealand,WPRO,0,1988259,0,2257
2022-12-14,NZ,New Zealand,WPRO,0,1988259,0,2257
2022-12-15,NZ,New Zealand,WPRO,0,1988259,0,2257
2022-12-16,NZ,New Zealand,WPRO,0,1988259,0,2257
2022-12-17,NZ,New Zealand,WPRO,0,1988259,31,2288
2022-12-18,NZ,New Zealand,WPRO,39722,2027981,0,2288
2022-12-19,NZ,New Zealand,WPRO,0,2027981,0,2288
2022-12-20,NZ,New Zealand,WPRO,0,2027981,0,2288
2022-12-21,NZ,New Zealand,WPRO,0,2027981,0,2288
2022-12-22,NZ,New Zealand,WPRO,0,2027981,0,2288
2022-12-23,NZ,New Zealand,WPRO,0,2027981,0,2288
2022-12-24,NZ,New Zealand,WPRO,0,2027981,0,2288
2022-12-25,NZ,New Zealand,WPRO,0,2027981,0,2288
2022-12-26,NZ,New Zealand,WPRO,0,2027981,0,2288
2022-12-27,NZ,New Zealand,WPRO,0,2027981,43,2331
2022-12-28,NZ,New Zealand,WPRO,29469,2057450,0,2331
2022-12-29,NZ,New Zealand,WPRO,0,2057450,0,2331
2022-12-30,NZ,New Zealand,WPRO,0,2057450,0,2331
2022-12-31,NZ,New Zealand,WPRO,0,2057450,0,2331
2023-01-01,NZ,New Zealand,WPRO,0,2057450,0,2331
2023-01-02,NZ,New Zealand,WPRO,0,2057450,0,2331
2023-01-03,NZ,New Zealand,WPRO,0,2057450,0,2331
2023-01-04,NZ,New Zealand,WPRO,0,2057450,0,2331
2023-01-05,NZ,New Zealand,WPRO,0,2057450,0,2331
2023-01-06,NZ,New Zealand,WPRO,0,2057450,0,2331
2023-01-07,NZ,New Zealand,WPRO,0,2057450,0,2331
2023-01-08,NZ,New Zealand,WPRO,0,2057450,62,2393
2023-01-09,NZ,New Zealand,WPRO,40236,2097686,0,2393
2023-01-10,NZ,New Zealand,WPRO,0,2097686,0,2393
2023-01-11,NZ,New Zealand,WPRO,0,2097686,0,2393
2023-01-12,NZ,New Zealand,WPRO,0,2097686,0,2393
2023-01-13,NZ,New Zealand,WPRO,0,2097686,0,2393
2023-01-14,NZ,New Zealand,WPRO,0,2097686,0,2393
2023-01-15,NZ,New Zealand,WPRO,0,2097686,44,2437
2023-01-16,NZ,New Zealand,WPRO,17311,2114997,0,2437
2023-01-17,NZ,New Zealand,WPRO,0,2114997,0,2437
2023-01-18,NZ,New Zealand,WPRO,0,2114997,0,2437
2023-01-19,NZ,New Zealand,WPRO,0,2114997,0,2437
2023-01-20,NZ,New Zealand,WPRO,0,2114997,0,2437
2023-01-21,NZ,New Zealand,WPRO,0,2114997,0,2437
2023-01-22,NZ,New Zealand,WPRO,0,2114997,0,2437
2023-01-23,NZ,New Zealand,WPRO,0,2114997,31,2468
2023-01-24,NZ,New Zealand,WPRO,12278,2127275,0,2468
2023-01-25,NZ,New Zealand,WPRO,0,2127275,0,2468
2023-01-26,NZ,New Zealand,WPRO,0,2127275,0,2468
2023-01-27,NZ,New Zealand,WPRO,0,2127275,0,2468
2023-01-28,NZ,New Zealand,WPRO,0,2127275,0,2468
2023-01-29,NZ,New Zealand,WPRO,0,2127275,9,2477
2023-01-30,NZ,New Zealand,WPRO,9387,2136662,0,2477
2023-01-31,NZ,New Zealand,WPRO,0,2136662,0,2477
2023-02-01,NZ,New Zealand,WPRO,0,2136662,0,2477
2023-02-02,NZ,New Zealand,WPRO,0,2136662,0,2477
2023-02-03,NZ,New Zealand,WPRO,0,2136662,0,2477
2023-02-04,NZ,New Zealand,WPRO,0,2136662,0,2477
2023-02-05,NZ,New Zealand,WPRO,0,2136662,0,2477
2023-02-06,NZ,New Zealand,WPRO,0,2136662,25,2502
2023-02-07,NZ,New Zealand,WPRO,7604,2144266,0,2502
2023-02-08,NZ,New Zealand,WPRO,0,2144266,0,2502
2023-02-09,NZ,New Zealand,WPRO,0,2144266,0,2502
2023-02-10,NZ,New Zealand,WPRO,0,2144266,0,2502
2023-02-11,NZ,New Zealand,WPRO,0,2144266,0,2502
2023-02-12,NZ,New Zealand,WPRO,0,2144266,11,2513
2023-02-13,NZ,New Zealand,WPRO,7272,2151538,0,2513
2023-02-14,NZ,New Zealand,WPRO,0,2151538,0,2513
2023-02-15,NZ,New Zealand,WPRO,0,2151538,0,2513
2023-02-16,NZ,New Zealand,WPRO,0,2151538,0,2513
2023-02-17,NZ,New Zealand,WPRO,0,2151538,0,2513
2023-02-18,NZ,New Zealand,WPRO,0,2151538,0,2513
2023-02-19,NZ,New Zealand,WPRO,0,2151538,21,2534
2023-02-20,NZ,New Zealand,WPRO,7100,2158638,0,2534
2023-02-21,NZ,New Zealand,WPRO,0,2158638,0,2534
2023-02-22,NZ,New Zealand,WPRO,0,2158638,0,2534
2023-02-23,NZ,New Zealand,WPRO,0,2158638,0,2534
2023-02-24,NZ,New Zealand,WPRO,0,2158638,0,2534
2023-02-25,NZ,New Zealand,WPRO,0,2158638,8,2542
2023-02-26,NZ,New Zealand,WPRO,0,2158638,0,2542
2023-02-27,NZ,New Zealand,WPRO,7832,2166470,0,2542
2023-02-28,NZ,New Zealand,WPRO,0,2166470,0,2542
2023-03-01,NZ,New Zealand,WPRO,0,2166470,0,2542
2023-03-02,NZ,New Zealand,WPRO,0,2166470,0,2542
2023-03-03,NZ,New Zealand,WPRO,0,2166470,0,2542
2023-03-04,NZ,New Zealand,WPRO,0,2166470,6,2548
2023-03-05,NZ,New Zealand,WPRO,0,2166470,0,2548
2023-03-06,NZ,New Zealand,WPRO,10029,2176499,0,2548
2023-03-07,NZ,New Zealand,WPRO,0,2176499,0,2548
2023-03-08,NZ,New Zealand,WPRO,0,2176499,0,2548
2023-03-09,NZ,New Zealand,WPRO,0,2176499,0,2548
2023-03-10,NZ,New Zealand,WPRO,0,2176499,0,2548
2023-03-11,NZ,New Zealand,WPRO,0,2176499,12,2560
2023-03-12,NZ,New Zealand,WPRO,0,2176499,0,2560
2023-03-13,NZ,New Zealand,WPRO,10133,2186632,0,2560
2023-03-14,NZ,New Zealand,WPRO,0,2186632,0,2560
2023-03-15,NZ,New Zealand,WPRO,0,2186632,0,2560
2023-03-16,NZ,New Zealand,WPRO,0,2186632,0,2560
2023-03-17,NZ,New Zealand,WPRO,0,2186632,0,2560
2023-03-18,NZ,New Zealand,WPRO,0,2186632,26,2586
2023-03-19,NZ,New Zealand,WPRO,0,2186632,0,2586
2023-03-20,NZ,New Zealand,WPRO,9923,2196555,0,2586
2023-03-21,NZ,New Zealand,WPRO,0,2196555,0,2586
2023-03-22,NZ,New Zealand,WPRO,0,2196555,0,2586
2023-03-23,NZ,New Zealand,WPRO,0,2196555,0,2586
2023-03-24,NZ,New Zealand,WPRO,0,2196555,0,2586
2023-03-25,NZ,New Zealand,WPRO,0,2196555,76,2662
2023-03-26,NZ,New Zealand,WPRO,0,2196555,0,2662
2023-03-27,NZ,New Zealand,WPRO,9839,2206394,0,2662
2023-03-28,NZ,New Zealand,WPRO,0,2206394,0,2662
2023-03-29,NZ,New Zealand,WPRO,0,2206394,0,2662
2023-03-30,NZ,New Zealand,WPRO,0,2206394,0,2662
2023-03-31,NZ,New Zealand,WPRO,0,2206394,0,2662
2023-04-01,NZ,New Zealand,WPRO,0,2206394,0,2662
2023-04-02,NZ,New Zealand,WPRO,0,2206394,25,2687
2023-04-03,NZ,New Zealand,WPRO,10653,2217047,0,2687
2023-04-04,NZ,New Zealand,WPRO,0,2217047,0,2687
2023-04-05,NZ,New Zealand,WPRO,0,2217047,0,2687
2023-04-06,NZ,New Zealand,WPRO,0,2217047,0,2687
2023-04-07,NZ,New Zealand,WPRO,0,2217047,0,2687
2023-04-08,NZ,New Zealand,WPRO,0,2217047,0,2687
2023-04-09,NZ,New Zealand,WPRO,0,2217047,0,2687
2023-04-10,NZ,New Zealand,WPRO,10595,2227642,8,2695
2023-04-11,NZ,New Zealand,WPRO,0,2227642,0,2695
2023-04-12,NZ,New Zealand,WPRO,0,2227642,0,2695
2023-04-13,NZ,New Zealand,WPRO,0,2227642,0,2695
2023-04-14,NZ,New Zealand,WPRO,0,2227642,0,2695
2023-04-15,NZ,New Zealand,WPRO,0,2227642,0,2695
2023-04-16,NZ,New Zealand,WPRO,0,2227642,21,2716
2023-04-17,NZ,New Zealand,WPRO,12799,2240441,0,2716
2023-04-18,NZ,New Zealand,WPRO,0,2240441,0,2716
2023-04-19,NZ,New Zealand,WPRO,0,2240441,0,2716
2023-04-20,NZ,New Zealand,WPRO,0,2240441,0,2716
2023-04-21,NZ,New Zealand,WPRO,0,2240441,0,2716
2023-04-22,NZ,New Zealand,WPRO,0,2240441,0,2716
2023-04-23,NZ,New Zealand,WPRO,0,2240441,0,2716
2023-04-24,NZ,New Zealand,WPRO,10999,2251440,20,2736
2023-04-25,NZ,New Zealand,WPRO,0,2251440,0,2736
2023-04-26,NZ,New Zealand,WPRO,0,2251440,0,2736
2023-04-27,NZ,New Zealand,WPRO,0,2251440,0,2736
2023-04-28,NZ,New Zealand,WPRO,0,2251440,0,2736
2023-04-29,NZ,New Zealand,WPRO,0,2251440,0,2736
2023-04-30,NZ,New Zealand,WPRO,0,2251440,0,2736
2023-05-01,NZ,New Zealand,WPRO,9686,2261126,0,2736
2023-05-02,NZ,New Zealand,WPRO,0,2261126,26,2762
2023-05-03,NZ,New Zealand,WPRO,0,2261126,0,2762
2023-05-04,NZ,New Zealand,WPRO,0,2261126,0,2762
2023-05-05,NZ,New Zealand,WPRO,0,2261126,0,2762
2023-05-06,NZ,New Zealand,WPRO,0,2261126,0,2762
2023-05-07,NZ,New Zealand,WPRO,0,2261126,30,2792
2023-05-08,NZ,New Zealand,WPRO,11103,2272229,0,2792
2023-05-09,NZ,New Zealand,WPRO,0,2272229,0,2792
2023-05-10,NZ,New Zealand,WPRO,0,2272229,0,2792
2023-05-11,NZ,New Zealand,WPRO,0,2272229,0,2792
2023-05-12,NZ,New Zealand,WPRO,0,2272229,0,2792
2023-05-13,NZ,New Zealand,WPRO,0,2272229,0,2792
2023-05-14,NZ,New Zealand,WPRO,0,2272229,0,2792
2023-05-15,NZ,New Zealand,WPRO,10632,2282861,58,2850
2023-05-16,NZ,New Zealand,WPRO,0,2282861,0,2850
2023-05-17,NZ,New Zealand,WPRO,0,2282861,0,2850
2023-05-18,NZ,New Zealand,WPRO,0,2282861,0,2850
2023-05-19,NZ,New Zealand,WPRO,0,2282861,0,2850
2023-05-20,NZ,New Zealand,WPRO,0,2282861,0,2850
2023-05-21,NZ,New Zealand,WPRO,0,2282861,43,2893
2023-05-22,NZ,New Zealand,WPRO,12698,2295559,0,2893
2023-05-23,NZ,New Zealand,WPRO,0,2295559,0,2893
2023-05-24,NZ,New Zealand,WPRO,0,2295559,0,2893
2023-05-25,NZ,New Zealand,WPRO,0,2295559,0,2893
2023-05-26,NZ,New Zealand,WPRO,0,2295559,0,2893
2023-05-27,NZ,New Zealand,WPRO,0,2295559,0,2893
2023-05-28,NZ,New Zealand,WPRO,0,2295559,49,2942
2023-05-29,NZ,New Zealand,WPRO,11384,2306943,0,2942
2023-05-30,NZ,New Zealand,WPRO,0,2306943,0,2942
2023-05-31,NZ,New Zealand,WPRO,0,2306943,0,2942
2023-06-01,NZ,New Zealand,WPRO,0,2306943,0,2942
2023-06-02,NZ,New Zealand,WPRO,0,2306943,0,2942
2023-06-03,NZ,New Zealand,WPRO,0,2306943,0,2942
2023-06-04,NZ,New Zealand,WPRO,0,2306943,0,2942
2023-06-05,NZ,New Zealand,WPRO,0,2306943,0,2942
2023-06-06,NZ,New Zealand,WPRO,0,2306943,0,2942
2023-06-07,NZ,New Zealand,WPRO,0,2306943,0,2942
2023-06-08,NZ,New Zealand,WPRO,0,2306943,0,2942
2023-06-09,NZ,New Zealand,WPRO,0,2306943,0,2942
2023-06-10,NZ,New Zealand,WPRO,0,2306943,0,2942
2023-06-11,NZ,New Zealand,WPRO,0,2306943,96,3038
2023-06-12,NZ,New Zealand,WPRO,19446,2326389,0,3038
2023-06-13,NZ,New Zealand,WPRO,0,2326389,0,3038
2023-06-14,NZ,New Zealand,WPRO,0,2326389,0,3038
2023-06-15,NZ,New Zealand,WPRO,0,2326389,0,3038
2023-06-16,NZ,New Zealand,WPRO,0,2326389,0,3038
2023-06-17,NZ,New Zealand,WPRO,0,2326389,0,3038
2023-06-18,NZ,New Zealand,WPRO,0,2326389,0,3038
2023-06-19,NZ,New Zealand,WPRO,7524,2333913,39,3077
2023-06-20,NZ,New Zealand,WPRO,0,2333913,0,3077
2023-06-21,NZ,New Zealand,WPRO,0,2333913,0,3077
